NDB_No,Food_Name,Water_(g),Energy_Kcal,Protein_(g),Lipid_Total_(g),Ash_(g),Carbohydrates_(g),Fiber_TD_(g),Sugar_Total_(g),Calcium_(mg),Iron_(mg),Magnesium_(mg),Phosphorus_(mg),Potassium_(mg),Sodium_(mg),Zinc_(mg),Copper_(mg),Manganese_(mg),Selenium_(µg),Vit_C_(mg),Thiamin_(mg),Riboflavin_(mg),Niacin_(mg),Pantothenic_Acid_mg),Vit_B6_(mg),Folate_Total_(µg),Folic_Acid_(µg),Food_Folate_(µg),Folate_DFE_(µg),Choline_(mg),Vit_B12_(µg),Vit_A_IU,Vit_A_RAE_(µg),Retinol_(µg),Alpha_Carot_(µg),Beta_Carot_(µg),Beta_Crypt_(µg),Lycopene_(µg),Lut+Zea_ (µg),Vit_E_(mg),Vit_D_µg,Vit_D_IU,Vit_K_(µg),FA_Sat_(g),FA_Mono_(g),FA_Poly_(g),Cholesterol_(mg),Refuse_Pct,Grams per Serving,Serving Size
11001,"ALFALFA SEEDS,SPROUTED,RAW",92.82,23,3.99,0.69,0.4,2.1,1.9,0.2,32,0.96,27,70,79,6,0.92,0.157,0.188,0.6,8.2,0.076,0.126,0.481,0.563,0.034,36,0,36,36,14.4,0,155,8,0,6,87,6,0,0,0.02,0,0,30.5,0.069,0.056,0.409,0,0,33,1 cup
12061,ALMONDS,4.41,579,21.15,49.93,2.97,21.55,12.5,4.35,269,3.71,270,481,733,1,3.12,1.031,2.179,4.1,0,0.205,1.138,3.618,0.471,0.137,44,0,44,44,52.1,0,2,0,0,0,1,0,0,1,25.63,0,0,0,3.802,31.551,12.329,0,60,143,"1 cup, whole"
20002,"AMARANTH GRAIN,CKD",75.16,102,3.8,1.58,0.77,18.69,2.1,,47,2.1,65,148,135,6,0.86,0.149,0.854,5.5,,0.015,0.022,0.235,,0.113,22,,22,,,,,,,,,,,,0.19,,,,,,,,0,246,1 cup
02002,ANISE SEED,9.54,337,17.6,15.9,6.95,50.02,14.6,,646,36.96,170,440,1441,16,5.3,0.91,2.3,5,21,0.34,0.29,3.06,0.797,0.65,10,0,10,10,,0,311,16,0,,,,,,,0,0,,0.586,9.78,3.15,0,0,2,"1 tsp, whole"
09021,"APRICOTS,RAW",86.35,48,1.4,0.39,0.75,11.12,2,9.24,13,0.39,10,23,259,1,0.2,0.078,0.077,0.1,10,0.03,0.04,0.6,0.24,0.054,9,0,9,9,2.8,0,1926,96,0,19,1094,104,0,89,0.89,0,0,3.3,0.027,0.17,0.077,0,7,155,"1 cup,  halves"
11008,"ARTICHOKES,(GLOBE OR FRENCH),CKD,BLD,DRND,WO/SALT",84.08,53,2.89,0.34,0.74,11.95,8.6,0.99,21,0.61,42,73,286,60,0.4,0.127,0.225,0.2,7.4,0.05,0.089,1.11,0.24,0.081,89,0,89,89,34.4,0,13,1,0,0,8,0,0,464,0.19,0,0,14.8,0.081,0.011,0.143,0,60,120,"1 artichoke,  medium"
09037,"AVOCADOS,RAW,ALL COMM VAR",73.23,160,2,14.66,1.58,8.53,6.7,0.66,12,0.55,29,52,485,7,0.64,0.19,0.142,0.4,10,0.067,0.13,1.738,1.389,0.257,81,0,81,81,14.2,0,146,7,0,24,62,28,0,271,2.07,0,0,21,2.126,9.799,1.816,0,26,150,"1 cup, cubes"
20004,"BARLEY,HULLED",9.44,354,12.48,2.3,2.29,73.48,17.3,0.8,33,3.6,133,264,452,12,2.77,0.498,1.943,37.7,0,0.646,0.285,4.604,0.282,0.318,19,0,19,19,,0,22,1,0,0,13,0,0,160,0.57,0,0,2.2,0.482,0.295,1.108,0,0,184,1 cup
20006,"BARLEY,PEARLED,COOKED",68.8,123,2.26,0.44,0.27,28.22,3.8,0.28,11,1.33,22,54,93,3,0.82,0.105,0.259,8.6,0,0.083,0.062,2.063,0.135,0.115,16,0,16,16,13.4,0,7,0,0,0,5,0,0,56,0.01,0,0,0.8,0.093,0.057,0.214,0,0,157,1 cup
16017,"BEANS,BLACK TURTLE,MATURE SEEDS,CKD,BLD,WO/ SALT",65.74,130,8.18,0.35,1.38,24.35,8.3,0.32,55,2.85,49,152,433,3,0.76,0.269,0.327,1.2,0,0.225,0.056,0.527,0.26,0.077,86,0,86,86,32.6,0,6,0,0,0,0,0,0,0,0.87,0,0,3.3,0.089,0.03,0.149,0,0,185,1 cup
16015,"BEANS,BLACK,MATURE SEEDS,CKD,BLD,WO/SALT",65.74,132,8.86,0.54,1.15,23.71,8.7,,27,2.1,70,140,355,1,1.12,0.209,0.444,1.2,0,0.244,0.059,0.505,0.242,0.069,149,0,149,149,,0,6,0,0,,,,,,,0,0,,0.139,0.047,0.231,0,0,172,1 cup
16028,"BEANS,KIDNEY,ALL TYPES,MATURE SEEDS,CKD,BLD,WO/SALT",66.94,127,8.67,0.5,1.09,22.8,6.4,0.32,35,2.22,42,138,405,1,1,0.216,0.43,1.1,1.2,0.16,0.058,0.578,0.22,0.12,130,0,130,130,30.5,0,0,0,0,0,0,0,0,0,0.03,0,0,8.4,0.073,0.039,0.278,0,0,177,1 cup
16038,"BEANS,NAVY,MATURE SEEDS,CKD,BLD,WO/SALT",63.81,140,8.23,0.62,1.3,26.05,10.5,0.37,69,2.36,53,144,389,0,1.03,0.21,0.527,2.9,0.9,0.237,0.066,0.649,0.266,0.138,140,0,140,140,44.7,0,0,0,0,0,0,0,0,0,0.01,0,0,0.6,0.098,0.142,0.49,,0,182,1 cup
16043,"BEANS,PINTO,MATURE SEEDS,CKD,BLD,WO/SALT",62.95,143,9.01,0.65,1.17,26.22,9,0.34,46,2.09,50,147,436,1,0.98,0.219,0.453,6.2,0.8,0.193,0.062,0.318,0.21,0.229,172,0,172,172,35.3,0,0,0,0,0,0,0,0,0,0.94,0,0,3.5,0.136,0.133,0.235,0,0,171,1 cup
11653,"BEANS,PINTO,MATURE SEEDS,SPROUTED,RAW",81.3,62,5.25,0.9,0.95,11.6,,,43,1.97,53,94,307,153,0.5,0.32,0.366,0.6,21.7,0.23,0.175,2.28,0.74,0.171,118,0,118,118,,0,2,0,0,,,,,,,0,0,,0.109,0.067,0.523,0,0,171,1 cup
11053,"BEANS,SNAP,GRN,CKD,BLD,DRND,WO/SALT",89.22,35,1.89,0.28,0.73,7.88,3.2,1.55,44,0.65,18,29,146,1,0.25,0.057,0.285,0.2,9.7,0.074,0.097,0.614,0.074,0.056,33,0,33,33,16.9,0,700,35,0,0,420,0,0,709,0.45,0,0,16,0.062,0.012,0.145,0,0,125,1 cup
13047,"BEEF,GRASS-FED,GROUND,RAW",67.13,192,19.42,12.73,1.71,0,0,0,12,1.99,19,175,289,68,4.55,0.063,0.01,14.2,0,0.049,0.154,4.818,0.576,0.355,6,0,6,6,67.4,1.97,0,0,0,0,0,0,0,0,0.35,,,1.1,5.335,4.8,0.532,62,0,85,1 serving
11086,"BEET GREENS,RAW",91.02,22,2.2,0.13,2.33,4.33,3.7,0.5,117,2.57,70,41,762,226,0.38,0.191,0.391,0.9,30,0.1,0.22,0.4,0.25,0.106,15,0,15,15,0.4,0,6326,316,0,3,3794,0,0,1503,1.5,0,0,400,0.02,0.026,0.046,0,44,38,1 cup
11087,"BEET GRNS,CKD,BLD,DRND,WO/SALT",89.13,27,2.57,0.2,2.64,5.46,2.9,0.6,114,1.9,68,41,909,241,0.5,0.251,0.514,0.9,24.9,0.117,0.289,0.499,0.329,0.132,14,0,14,14,0.5,0,7654,383,0,4,4590,0,0,1819,1.81,0,0,484,0.031,0.038,0.07,0,0,144,"1 cup,  (1"" pieces)"
09042,"BLACKBERRIES,RAW",88.15,43,1.39,0.49,0.37,9.61,5.3,4.88,29,0.62,20,22,162,1,0.53,0.165,0.646,0.4,21,0.02,0.026,0.646,0.276,0.03,25,0,25,25,8.5,0,214,11,0,0,128,0,0,118,1.17,0,0,19.8,0.014,0.047,0.28,0,4,144,1 cup
11091,"BROCCOLI,CKD,BLD,DRND,WO/SALT",89.25,35,2.38,0.41,0.77,7.18,3.3,1.39,40,0.67,21,67,293,41,0.45,0.061,0.194,1.6,64.9,0.063,0.123,0.553,0.616,0.2,108,0,108,108,40.1,0,1548,77,0,0,929,0,0,1080,1.45,0,0,141.1,0.079,0.04,0.17,0,0,78,".5 cup, chopped"
11090,"BROCCOLI,RAW",89.3,34,2.82,0.37,0.87,6.64,2.6,1.7,47,0.73,21,66,316,33,0.41,0.049,0.21,2.5,89.2,0.071,0.117,0.639,0.573,0.175,63,0,63,63,18.7,0,623,31,0,25,361,1,0,1403,0.78,0,0,101.6,0.039,0.011,0.038,0,39,91,"1 cup, chopped"
20008,BUCKWHEAT,9.75,343,13.25,3.4,2.1,71.5,10,,18,2.2,231,347,460,1,2.4,1.1,1.3,8.3,0,0.101,0.425,7.02,1.233,0.21,30,0,30,30,,0,0,0,0,,,,,,,0,0,,0.741,1.04,1.039,0,0,170,1 cup
11117,"CABBAGE,CHINESE (PAK-CHOI),CKD,BLD,DRND,WO/SALT",95.55,12,1.56,0.16,0.95,1.78,1,0.83,93,1.04,11,29,371,34,0.17,0.019,0.144,0.4,26,0.032,0.063,0.428,0.079,0.166,41,0,41,41,12.1,0,4249,212,0,1,2549,0,0,38,0.09,0,0,34,0.021,0.012,0.077,0,0,170,"1 cup, shredded"
11116,"CABBAGE,CHINESE (PAK-CHOI),RAW",95.32,13,1.5,0.2,0.8,2.18,1,1.18,105,0.8,19,37,252,65,0.19,0.021,0.159,0.5,45,0.04,0.07,0.5,0.088,0.194,66,0,66,66,6.4,0,4468,223,0,1,2681,0,0,40,0.09,0,0,45.5,0.027,0.015,0.096,0,12,70,"1 cup, shredded"
11110,"CABBAGE,CKD,BLD,DRND,WO/SALT",92.57,23,1.27,0.06,0.59,5.51,1.9,2.79,48,0.17,15,33,196,8,0.2,0.017,0.205,0.6,37.5,0.061,0.038,0.248,0.174,0.112,30,0,30,30,20.3,0,80,4,0,0,48,0,0,27,0.14,0,0,108.7,0,0.019,0.023,0,0,75,".5 cup, shredded"
11109,"CABBAGE,RAW",92.18,25,1.28,0.1,0.64,5.8,2.5,3.2,40,0.47,12,26,170,18,0.18,0.019,0.16,0.3,36.6,0.061,0.04,0.234,0.212,0.124,43,0,43,43,10.7,0,98,5,0,33,42,0,0,30,0.15,0,0,76,0.034,0.017,0.017,0,20,89,"1 cup, chopped"
11112,"CABBAGE,RED,RAW",90.39,31,1.43,0.16,0.64,7.37,2.1,3.83,45,0.8,16,30,243,27,0.22,0.017,0.243,0.6,57,0.064,0.069,0.418,0.147,0.209,18,0,18,18,17.1,0,1116,56,0,0,670,0,20,329,0.11,0,0,38.2,0.021,0.012,0.08,0,20,89,"1 cup, chopped"
02005,CARAWAY SEED,9.87,333,19.77,14.59,5.87,49.9,38,0.64,689,16.23,258,568,1351,17,5.5,0.91,1.3,12.1,21,0.383,0.379,3.606,,0.36,10,0,10,10,24.7,0,363,18,0,8,206,16,20,454,2.5,0,0,0,0.62,7.125,3.272,0,0,2,1 tsp
11124,"CARROTS,RAW",88.29,41,0.93,0.24,0.97,9.58,2.8,4.74,33,0.3,12,35,320,69,0.24,0.045,0.143,0.1,5.9,0.066,0.058,0.983,0.273,0.138,19,0,19,19,8.8,0,16706,835,0,3477,8285,0,1,256,0.66,0,0,13.2,0.037,0.014,0.117,0,11,128,"1 cup, chopped"
12085,"CASHEW NUTS,DRY RSTD,WO/SALT",1.7,574,15.31,46.35,3.95,32.69,3,5.01,45,6,260,490,565,16,5.6,2.22,0.826,11.7,0,0.2,0.2,1.4,1.217,0.256,69,0,69,69,61,0,0,0,0,0,0,0,0,23,0.92,0,0,34.7,9.157,27.317,7.836,0,0,137,"1 cup, halves and whole"
11965,"CAULIFLOWER,GREEN,RAW",89.79,31,2.95,0.3,0.88,6.09,3.2,3.03,33,0.73,20,62,300,23,0.64,0.041,0.247,0.6,88.1,0.08,0.102,0.734,0.696,0.222,57,0,57,57,57.1,0,155,8,0,0,93,0,0,42,0.04,0,0,20.2,0.047,0.028,0.133,0,39,64,1 cup
11967,"CAULIFLOWER,GRN,CKD,NO SALT ADDED",89.47,32,3.04,0.31,0.9,6.28,3.3,,32,0.72,19,57,278,23,0.63,0.04,0.242,0.8,72.6,0.07,0.1,0.681,0.681,0.206,41,0,41,41,,0,141,7,0,,,,,,,0,0,,0.049,0.029,0.137,0,0,90,.2 head
11135,"CAULIFLOWER,RAW",92.07,25,1.92,0.28,0.76,4.97,2,1.91,22,0.42,15,44,299,30,0.27,0.039,0.155,0.6,48.2,0.05,0.06,0.507,0.667,0.184,57,0,57,57,44.3,0,0,0,0,0,0,0,0,1,0.08,0,0,15.5,0.13,0.034,0.031,0,61,107,"1 cup, chopped (1/2"" pieces)"
11143,"CELERY,RAW",95.43,16,0.69,0.17,0.75,2.97,1.6,1.34,40,0.2,11,24,260,80,0.13,0.035,0.103,0.4,3.1,0.021,0.057,0.32,0.246,0.074,36,0,36,36,6.1,0,449,22,0,0,270,0,0,283,0.27,0,0,29.3,0.042,0.032,0.079,0,11,101,"1 cup, chopped"
11148,"CHARD,SWISS,CKD,BLD,DRND,WO/SALT",92.65,20,1.88,0.08,1.26,4.13,2.1,1.1,58,2.26,86,33,549,179,0.33,0.163,0.334,0.9,18,0.034,0.086,0.36,0.163,0.085,9,0,9,9,28.7,0,6124,306,0,45,3652,0,0,11015,1.89,0,0,327.3,0.012,0.016,0.028,0,0,175,"1 cup, chopped"
11147,"CHARD,SWISS,RAW",92.66,19,1.8,0.2,1.6,3.74,1.6,1.1,51,1.8,81,46,379,213,0.36,0.179,0.366,0.9,30,0.04,0.09,0.4,0.172,0.099,14,0,14,14,18,0,6116,306,0,45,3647,0,0,11000,1.89,0,0,830,0.03,0.04,0.07,0,8,36,1 cup
01006,"CHEESE,BRIE",48.42,334,20.75,27.68,2.7,0.45,0,0.45,184,0.5,20,188,152,629,2.38,0.019,0.034,14.5,0,0.07,0.52,0.38,0.69,0.235,65,0,65,65,15.4,1.65,592,174,173,0,9,0,0,0,0.24,0.5,20,2.3,17.41,8.013,0.826,100,0,28,1 oz
01009,"CHEESE,CHEDDAR",37.1,406,24.04,33.82,3.71,1.33,0,0.28,675,0.16,27,473,76,644,3.43,0.056,0.033,28.3,0,0.027,0.434,0.039,0.481,0.049,26,0,26,26,16.5,0.88,994,263,256,0,85,0,0,0,0.78,0.6,24,2.9,19.368,8.428,1.433,102,0,132,"1 cup, diced"
01010,"CHEESE,CHESHIRE",37.65,387,23.37,30.6,3.6,4.78,0,,643,0.21,21,464,95,700,2.79,0.042,0.012,14.5,0,0.046,0.293,0.08,0.413,0.074,18,0,18,18,,0.83,985,233,220,,,,,,,,,,19.475,8.671,0.87,103,0,28,1 oz
01022,"CHEESE,GOUDA",41.46,356,24.94,27.44,3.94,2.22,0,2.22,700,0.24,29,546,121,819,3.9,0.036,0.011,14.5,0,0.03,0.334,0.063,0.34,0.08,21,0,21,21,15.4,1.54,563,165,164,0,10,0,0,0,0.24,0.5,20,2.3,17.614,7.747,0.657,114,0,28,1 oz
01023,"CHEESE,GRUYERE",33.19,413,29.81,32.34,4.3,0.36,0,0.36,1011,0.17,36,605,81,714,3.9,0.032,0.017,14.5,0,0.06,0.279,0.106,0.562,0.081,10,0,10,10,15.4,1.6,948,271,268,0,33,0,0,0,0.28,0.6,24,2.7,18.913,10.043,1.733,110,0,28,1 oz
01036,"CHEESE,RICOTTA,WHOLE MILK",71.7,174,11.26,12.98,1.02,3.04,0,0.27,207,0.38,11,158,105,84,1.16,0.021,0.006,14.5,0,0.013,0.195,0.104,0.213,0.043,12,0,12,12,17.5,0.34,445,120,117,0,33,0,0,0,0.11,0.2,10,1.1,8.295,3.627,0.385,51,0,124,.5 cup
01040,"CHEESE,SWISS",37.12,380,26.93,27.8,2.77,5.38,0,1.32,791,0.2,38,567,77,70,4.36,0.043,0.005,18.2,0,0.063,0.296,0.092,0.429,0.083,6,0,6,6,15.5,3.34,830,220,214,0,70,0,0,0,0.38,0.5,20,2.5,17.779,7.274,0.972,92,0,132,"1 cup, diced"
12006,"CHIA SEEDS,DRIED",5.8,486,16.54,30.74,4.8,42.12,34.4,,631,7.72,335,860,407,16,4.58,0.924,2.723,55.2,1.6,0.62,0.17,8.83,,,49,,49,,,0,54,,,,,,,,0.5,,,,3.33,2.309,23.665,0,0,28,1 oz
05120,"CHICKEN,ROASTING,DK MEAT,MEAT ONLY,CKD,RSTD",67.05,178,23.25,8.75,0.94,0,0,,11,1.33,20,171,224,95,2.13,0.07,0.019,19.6,0,0.063,0.192,5.736,1.026,0.31,7,0,7,7,,0.27,54,16,16,,,,,,,,,,2.43,3.31,2,75,46,140,"1 cup, chopped or diced"
05118,"CHICKEN,ROASTING,LT MEAT,MEAT ONLY,CKD,RSTD",67.85,153,27.13,4.07,0.95,0,0,0,13,1.08,23,217,236,51,0.78,0.042,0.015,25.8,0,0.061,0.093,10.469,0.907,0.54,3,0,3,3,76.8,0.31,25,8,8,0,0,0,0,0,0.27,0.1,5,0.3,1.08,1.52,0.93,75,40,140,"1 cup, chopped or diced"
16057,"CHICKPEAS ,MATURE SEEDS,CKD,BLD,WO/SALT",60.21,164,8.86,2.59,0.92,27.42,7.6,4.8,49,2.89,48,168,291,7,1.53,0.352,1.03,3.7,1.3,0.116,0.063,0.526,0.286,0.139,172,0,172,172,42.8,0,27,1,0,0,16,0,0,0,0.35,0,0,4,0.269,0.583,1.156,0,0,164,1 cup
19904,"CHOCOLATE,DK,70-85% CACAO SOL",1.37,598,7.79,42.63,2.32,45.9,10.9,23.99,73,11.9,228,308,715,20,3.31,1.766,1.948,6.8,,0.034,0.078,1.054,0.418,0.038,,,,,,0.28,39,2,,7,19,1,0,27,0.59,,,7.3,24.489,12.781,1.257,3,0,28,1 oz
02010,"CINNAMON,GROUND",10.58,247,3.99,1.24,3.6,80.59,53.1,2.17,1002,8.32,60,64,431,10,1.83,0.339,17.466,3.1,3.8,0.022,0.041,1.332,0.358,0.158,6,0,6,6,11,0,295,15,0,1,112,129,15,222,2.32,0,0,31.2,0.345,0.246,0.068,0,0,2,1 tsp
02011,"CLOVES,GROUND",9.87,274,5.97,13,5.63,65.53,33.9,2.38,632,11.83,259,104,1020,277,2.32,0.368,60.127,7.2,0.2,0.158,0.22,1.56,0.509,0.391,25,0,25,25,37.4,0,160,8,0,0,45,103,0,0,8.82,0,0,141.8,3.952,1.393,3.606,0,0,2,1 tsp
12119,COCONUT H2O (LIQ FROM COCONUTS),94.99,19,0.72,0.2,0.39,3.71,1.1,2.61,24,0.29,25,20,250,105,0.1,0.04,0.142,1,2.4,0.03,0.057,0.08,0.043,0.032,3,0,3,3,1.1,0,0,0,0,0,0,0,0,0,0,0,0,0,0.176,0.008,0.002,0,0,240,1 cup
15192,"COD,PACIFIC,CKD,DRY HEAT",80.31,85,18.73,0.5,1.8,0,0,0,10,0.2,24,345,289,372,0.39,0.024,0.015,28,0,0.038,0.055,1.343,0.361,0.136,8,0,8,8,79.7,2.31,7,2,2,0,0,0,0,0,0.67,0.6,24,0,0.105,0.089,0.201,57,0,90,1 fillet
11162,"COLLARDS,CKD,BLD,DRND,WO/SALT",90.18,33,2.71,0.72,0.73,5.65,4,0.4,141,1.13,21,32,117,15,0.23,0.051,0.51,0.5,18.2,0.04,0.106,0.575,0.218,0.128,16,0,16,16,38.4,0,7600,380,0,68,4513,26,0,6197,0.88,0,0,406.6,0.047,0.026,0.173,0,0,190,"1 cup, chopped"
11161,"COLLARDS,RAW",89.62,32,3.02,0.61,1.32,5.42,4,0.46,232,0.47,27,25,213,17,0.21,0.046,0.658,1.3,35.3,0.054,0.13,0.742,0.267,0.165,129,0,129,129,23.2,0,5019,251,0,14,2991,28,0,4323,2.26,0,0,437.1,0.055,0.03,0.201,0,43,36,"1 cup, chopped"
11165,"CORIANDER (CILANTRO) LEAVES,RAW",92.21,23,2.13,0.52,1.47,3.67,2.8,0.87,67,1.77,26,48,521,46,0.5,0.225,0.426,0.9,27,0.067,0.162,1.114,0.57,0.149,62,0,62,62,12.8,0,6748,337,0,36,3930,202,0,865,2.5,0,0,310,0.014,0.275,0.04,0,15,4,.25 cup
02012,"CORIANDER LEAF,DRIED",7.3,279,21.93,4.78,14.08,52.1,10.4,7.27,1246,42.46,694,481,4466,211,4.72,1.786,6.355,29.3,566.7,1.252,1.5,10.707,,0.61,274,0,274,274,97.1,0,5850,293,0,31,3407,175,0,2428,1.03,0,0,1359.5,0.115,2.232,0.328,0,0,0.1,1 tsp
02013,CORIANDER SEED,8.86,298,12.37,17.77,6.02,54.99,41.9,,709,16.32,330,409,1267,35,4.7,0.975,1.9,26.2,21,0.239,0.29,2.13,,,0,0,0,0,,0,0,0,0,,,,,,,0,0,,0.99,13.58,1.75,0,0,1,1 tsp
11168,"CORN,SWT,YEL,CKD,BLD,DRND,WO/SALT",73.41,96,3.41,1.5,0.71,20.98,2.4,4.54,3,0.45,26,77,218,1,0.62,0.049,0.167,0.2,5.5,0.093,0.057,1.683,0.792,0.139,23,0,23,23,29.1,0,263,13,0,23,66,161,0,906,0.09,0,0,0.4,0.197,0.374,0.603,0,45,89,"1 ear, small (5-1/2"" to 6-1/2"" long)"
11205,"CUCUMBER,WITH PEEL,RAW",95.23,15,0.65,0.11,0.38,3.63,0.5,1.67,16,0.28,13,24,147,2,0.2,0.041,0.079,0.3,2.8,0.027,0.033,0.098,0.259,0.04,7,0,7,7,6,0,105,5,0,11,45,26,0,23,0.03,0,0,16.4,0.037,0.005,0.032,0,3,52,".5 cup, slices"
02014,CUMIN SEED,8.06,375,17.81,22.27,7.62,44.24,10.5,2.25,931,66.36,366,499,1788,168,4.8,0.867,3.333,5.2,7.7,0.628,0.327,4.579,,0.435,10,0,10,10,24.7,0,1270,64,0,0,762,0,0,448,3.33,0,0,5.4,1.535,14.04,3.279,0,0,2,"1 tsp, whole"
02045,"DILL WEED,FRSH",85.95,43,3.46,1.12,2.45,7.02,2.1,,208,6.59,55,66,738,61,0.91,0.146,1.264,,85,0.058,0.296,1.57,0.397,0.185,150,0,150,150,,0,7718,386,0,,,,,,,0,0,,0.06,0.802,0.095,0,41,1,5 sprigs
01128,"EGG,WHL,CKD,FRIED",69.47,196,13.61,14.84,1.26,0.83,0,0.4,62,1.89,13,215,152,207,1.39,0.078,0.03,33.1,0,0.044,0.495,0.082,1.66,0.184,51,0,51,51,317.1,0.97,787,219,216,0,35,10,0,543,1.31,2.2,88,5.6,4.323,6.182,3.251,401,0,46,1 large
01131,"EGG,WHL,CKD,POACHED",75.85,143,12.51,9.47,1.46,0.71,0,0.37,56,1.75,12,197,138,297,1.29,0.072,0.028,30.6,0,0.032,0.387,0.063,1.527,0.144,35,0,35,35,234.1,0.71,538,160,159,0,0,9,0,501,1.04,2,82,0.3,3.113,3.643,1.904,370,0,50,1 large
01132,"EGG,WHL,CKD,SCRMBLD",76.4,149,9.99,10.98,1.01,1.61,0,1.39,66,1.31,11,165,132,145,1.04,0.059,0.022,23.5,0,0.04,0.376,0.076,1.217,0.134,36,0,36,36,221,0.76,578,161,159,0,26,7,0,372,1.15,1.8,72,4,3.331,4.441,2.429,277,0,61,1 large
11210,"EGGPLANT,CKD,BLD,DRND,WO/SALT",89.67,35,0.83,0.23,0.54,8.73,2.5,3.2,6,0.25,11,15,123,1,0.12,0.059,0.113,0.1,1.3,0.076,0.02,0.6,0.075,0.086,14,0,14,14,9.4,0,37,2,0,0,22,0,0,0,0.41,0,0,2.9,0.044,0.02,0.093,0,0,99,"1 cup,  (1"" cubes)"
11209,"EGGPLANT,RAW",92.3,25,0.98,0.18,0.66,5.88,3,3.53,9,0.23,14,24,229,2,0.16,0.081,0.232,0.3,2.2,0.039,0.037,0.649,0.281,0.084,22,0,22,22,6.9,0,23,1,0,0,14,0,0,36,0.3,0,0,3.5,0.034,0.016,0.076,0,19,82,"1 cup, cubes"
02018,FENNEL SEED,8.81,345,15.8,14.87,8.22,52.29,39.8,,1196,18.54,385,487,1694,88,3.7,1.067,6.533,,21,0.408,0.353,6.05,,0.47,,,,,,0,135,7,0,,,,,,,0,0,,0.48,9.91,1.69,0,0,2,"1 tsp, whole"
11957,"FENNEL,BULB,RAW",90.21,31,1.24,0.2,1.05,7.3,3.1,3.93,49,0.73,17,50,414,52,0.2,0.066,0.191,0.7,12,0.01,0.032,0.64,0.232,0.047,27,0,27,27,13.2,0,963,48,0,0,578,0,0,607,0.58,0,0,62.8,0.09,0.068,0.169,0,28,87,"1 cup, sliced"
04589,"FISH OIL,COD LIVER",0,902,0,100,0,0,0,,0,0,0,0,0,0,0,0,0,0,0,,0,0,0,0,0,0,0,0,,0,100000,30000,30000,,,,,,,250,10000,,22.608,46.711,22.541,570,0,4,1 tsp
11216,"GINGER ROOT,RAW",78.89,80,1.82,0.75,0.77,17.77,2,1.7,16,0.6,43,34,415,13,0.34,0.226,0.229,0.7,5,0.025,0.034,0.75,0.203,0.16,11,0,11,11,28.8,0,0,0,0,0,0,0,0,0,0.26,0,0,0.1,0.203,0.154,0.154,0,7,2,1 tsp
11234,"KALE,CKD,BLD,DRND,WO/SALT",91.2,28,1.9,0.4,0.87,5.63,2,1.25,72,0.9,18,28,228,23,0.24,0.156,0.416,0.9,41,0.053,0.07,0.5,0.049,0.138,13,0,13,13,0.4,0,13621,681,0,0,8173,0,0,18246,0.85,0,0,817,0.052,0.03,0.193,0,0,130,"1 cup, chopped"
11233,"KALE,RAW",84.04,49,4.28,0.93,2.01,8.75,3.6,2.26,150,1.47,47,92,491,38,0.56,1.499,0.659,0.9,120,0.11,0.13,1,0.091,0.271,141,0,141,141,0.8,0,9990,500,0,54,5927,81,0,8198,1.54,0,0,704.8,0.091,0.052,0.338,0,28,16,"1 cup, 1"" pieces, loosely packed"
11247,"LEEKS,(BULB&LOWER LEAF-PORTION),CKD,BLD,DRND,WO/SALT",90.8,31,0.81,0.2,0.57,7.62,1,2.11,30,1.1,14,17,87,10,0.06,0.062,0.247,0.5,4.2,0.026,0.02,0.2,0.072,0.113,24,0,24,24,,0,812,41,0,0,487,0,0,925,0.5,0,0,25.4,0.027,0.003,0.111,0,0,124,1 leek
09156,"LEMON PEEL,RAW",81.6,47,1.5,0.3,0.6,16,10.6,4.17,134,0.8,15,12,160,6,0.25,0.092,,0.7,129,0.06,0.08,0.4,0.319,0.172,13,0,13,13,8.5,0,50,3,0,1,7,45,0,18,0.25,0,0,0,0.039,0.011,0.089,0,0,6,1 tbsp
16070,"LENTILS,MATURE SEEDS,CKD,BLD,WO/SALT",69.64,116,9.02,0.38,0.83,20.13,7.9,1.8,19,3.33,36,180,369,2,1.27,0.251,0.494,2.8,1.5,0.169,0.073,1.06,0.638,0.178,181,0,181,181,32.7,0,8,0,0,0,5,0,0,0,0.11,0,0,1.7,0.053,0.064,0.175,0,0,198,1 cup
11249,"LENTILS,SPROUTED,CKD,STIR-FRIED,WO/SALT",68.7,101,8.8,0.45,0.8,21.25,,,14,3.1,35,153,284,10,1.6,0.337,0.502,0.6,12.6,0.22,0.09,1.2,0.571,0.164,67,0,67,67,,0,41,2,0,,,,,,,0,0,,0.053,0.095,0.201,0,0,198,1 cup
11032,"LIMA BNS,IMMAT SEEDS,CKD,BLD,DRND,WO/SALT",67.17,123,6.81,0.32,2.06,23.64,5.3,1.63,32,2.45,74,130,570,17,0.79,0.305,1.252,2,10.1,0.14,0.096,1.04,0.257,0.193,26,0,26,26,44.1,0,303,15,0,0,182,0,0,0,0.14,0,0,6.2,0.073,0.019,0.154,0,0,170,1 cup
16072,"LIMA BNS,LRG,MATURE SEEDS,CKD,BLD,WO/SALT",69.79,115,7.8,0.38,1.15,20.88,7,2.9,17,2.39,43,111,508,2,0.95,0.235,0.516,4.5,0,0.161,0.055,0.421,0.422,0.161,83,0,83,83,32.5,0,0,0,0,0,0,0,0,0,0.18,0,0,2,0.089,0.034,0.171,0,0,188,1 cup
09159,"LIMES,RAW",88.26,30,0.7,0.2,0.3,10.54,2.8,1.69,33,0.6,6,18,102,2,0.11,0.065,0.008,0.4,29.1,0.03,0.02,0.2,0.217,0.043,8,0,8,8,5.1,0,50,2,0,0,30,0,0,0,0.22,0,0,0.6,0.022,0.019,0.055,0,16,67,"1 fruit,  (2"" dia)"
07041,"LIVER SAUSAGE,LIVERWURST,PORK",52.1,326,14.1,28.5,3.1,2.2,0,,26,6.4,12,230,170,860,2.3,0.24,0.155,58,0,0.272,1.03,4.3,2.95,0.19,30,0,30,30,,13.46,27667,8308,8308,,,,,,,,,,10.6,13.34,2.6,158,0,18,"1 slice,  (2-1/2"" dia x 1/4"" thick)"
01077,"MILK,WHL,3.25% MILKFAT,W/ ADDED VITAMIN D",88.13,61,3.15,3.25,0.67,4.8,0,5.05,113,0.03,10,84,132,43,0.37,0.025,0.004,3.7,0,0.046,0.169,0.089,0.373,0.036,5,0,5,5,14.3,0.45,162,46,45,0,7,0,0,0,0.07,1.3,51,0.3,1.865,0.812,0.195,10,0,244,1 cup
20032,"MILLET,COOKED",71.41,119,3.51,1,0.41,23.67,1.3,0.13,3,0.63,44,100,62,2,0.91,0.161,0.272,0.9,0,0.106,0.082,1.33,0.171,0.108,19,0,19,19,11.2,0,3,0,0,0,2,0,0,70,0.02,0,0,0.3,0.172,0.184,0.508,0,0,174,1 cup
16112,MISO,43.02,199,11.69,6.01,12.81,26.47,5.4,6.2,57,2.49,48,159,210,3728,2.56,0.42,0.859,7,0,0.098,0.233,0.906,0.337,0.199,19,0,19,19,72.2,0.08,87,4,0,0,52,0,0,0,0.01,0,0,29.3,1.139,1.242,3.204,0,0,17,1 tbsp
11267,"MUSHROOMS,SHIITAKE,STIR-FRIED",87.74,39,3.45,0.35,0.78,7.68,3.6,0.3,2,0.53,19,111,326,5,0.96,0.163,0.223,6.3,0,0.099,0.274,3.87,1.36,0.174,14,0,14,14,59.4,0,0,0,0,0,0,0,0,0,0,0.5,21,0,0.03,0,0.14,0,0,89,"1 cup, whole"
11261,"MUSHROOMS,WHITE,CKD,BLD,DRND,WO/ SALT",91.08,28,2.17,0.47,0.99,5.29,2.2,2.34,6,1.74,12,87,356,2,0.87,0.504,0.115,11.9,4,0.073,0.3,4.46,2.16,0.095,18,0,18,18,20.4,0,0,0,0,0,0,0,0,0,0.01,0.2,8,0,0.061,0.008,0.183,0,0,156,"1 cup, pieces"
11263,"MUSHROOMS,WHITE,STIR-FRIED",91.1,26,3.58,0.33,0.94,4.04,1.8,0,4,0.25,11,105,396,12,0.57,0.291,0.047,13.9,0,0.096,0.463,3.987,1.45,0.042,20,0,20,20,21.9,0,0,0,0,0,0,0,0,0,0,0.2,8,0,0.04,0,0.16,0,0,108,"1 cup, sliced"
11270,"MUSTARD GREENS,RAW",90.7,27,2.86,0.42,1.36,4.67,3.2,1.32,115,1.64,32,58,384,20,0.25,0.165,,0.9,70,0.08,0.11,0.8,0.21,0.18,12,0,12,12,0.5,0,3024,151,0,10,1790,40,0,3730,2.01,0,0,257.5,0.01,0.092,0.038,0,7,56,"1 cup, chopped"
11271,"MUSTARD GRNS,CKD,BLD,DRND,WO/SALT",91.78,26,2.56,0.47,0.69,4.51,2,1.41,118,0.87,13,42,162,9,0.22,0.146,,0.6,25.3,0.041,0.063,0.433,0.12,0.098,9,0,9,9,0.4,0,12370,618,0,9,7400,35,0,10400,1.78,0,0,592.7,0.012,0.11,0.046,0,0,140,"1 cup, chopped"
12087,"NUTS,CASHEW NUTS,RAW",5.2,553,18.22,43.85,2.54,30.19,3.3,5.91,37,6.68,292,593,660,12,5.78,2.195,1.655,19.9,0.5,0.423,0.058,1.062,0.864,0.417,25,0,25,25,,0,0,0,0,0,0,0,0,22,0.9,0,0,34.1,7.783,23.797,7.845,0,,28,1 oz
20034,"OAT BRAN,COOKED",84,40,3.21,0.86,0.49,11.44,2.6,,10,0.88,40,119,92,1,0.53,0.066,0.964,7.7,0,0.16,0.034,0.144,0.217,0.025,6,0,6,6,,0,0,0,0,,,,,,,0,0,,0.163,0.291,0.339,0,0,219,1 cup
20038,OATS,8.22,389,16.89,6.9,1.72,66.27,10.6,,54,4.72,177,523,429,2,3.97,0.626,4.916,,0,0.763,0.139,0.961,1.349,0.119,56,0,56,56,,0,0,0,0,,,,,,,0,0,,1.217,2.178,2.535,0,0,156,1 cup
04047,"OIL,COCNT",0,862,0,100,0,0,0,0,0,0.04,0,0,0,0,0,0,0,0,0,0,0,0,0,0,0,0,0,0,0.3,0,0,0,0,0,0,0,0,0,0.09,0,0,0.5,86.5,5.8,1.8,0,0,13,1 tbsp
04053,"OIL,OLIVE,SALAD OR COOKING",0,884,0,100,0,0,0,0,1,0.56,0,0,1,2,0,0,0,0,0,0,0,0,0,0,0,0,0,0,0.3,0,0,0,0,0,0,0,0,0,14.35,0,0,60.2,13.808,72.961,10.523,0,0,13,1 tablespoon
09195,"OLIVES,PICKLED,CND OR BTLD,GRN",75.28,145,1.03,15.32,4.53,3.84,3.3,0.54,52,0.49,11,4,42,1556,0.04,0.12,,0.9,0,0.021,0.007,0.237,0.023,0.031,3,0,3,3,14.2,0,393,20,0,0,231,9,0,510,3.81,0,0,1.4,2.029,11.314,1.307,0,0,2,1 olive
11282,"ONIONS,RAW",89.11,40,1.1,0.1,0.35,9.34,1.7,4.24,23,0.21,10,29,146,4,0.17,0.039,0.129,0.5,7.4,0.046,0.027,0.116,0.123,0.12,19,0,19,19,6.1,0,2,0,0,0,1,0,0,4,0.02,0,0,0.4,0.042,0.013,0.017,0,10,160,"1 cup, chopped"
11286,"ONIONS,YEL,SAUTEED",80.01,132,0.95,10.8,0.38,7.86,1.7,,20,0.27,9,33,133,12,0.21,0.017,0.102,,1.8,0.049,0.041,0.037,0.172,0.207,2,,2,,6.5,,,,,,,,,,0.68,0,0,21.6,1.477,2.185,5.47,,0,87,"1 cup, chopped"
09226,"PAPAYAS,RAW",88.06,43,0.47,0.26,0.39,10.82,1.7,7.82,20,0.25,21,10,182,8,0.08,0.045,0.04,0.6,60.9,0.023,0.027,0.357,0.191,0.038,37,0,37,37,6.1,0,950,47,0,2,274,589,1828,89,0.3,0,0,2.6,0.081,0.072,0.058,0,38,145,"1 cup, 1"" pieces"
09252,"PEARS,RAW",83.96,57,0.36,0.14,0.32,15.23,3.1,9.75,9,0.18,7,12,116,1,0.1,0.082,0.048,0.1,4.3,0.012,0.026,0.161,0.049,0.029,7,0,7,7,5.1,0,25,1,0,1,14,2,0,44,0.12,0,0,4.4,0.022,0.084,0.094,0,10,140,"1 cup, slices"
11305,"PEAS,GRN,CKD,BLD,DRND,WO/SALT",77.87,84,5.36,0.22,0.92,15.63,5.5,5.93,27,1.54,39,117,271,3,1.19,0.173,0.525,1.9,14.2,0.259,0.149,2.021,0.153,0.216,63,0,63,63,29.7,0,801,40,0,22,470,0,0,2593,0.14,0,0,25.9,0.039,0.019,0.102,0,0,160,1 cup
16086,"PEAS,SPLIT,MATURE SEEDS,CKD,BLD,WO/SALT",69.49,118,8.34,0.39,0.68,21.1,8.3,2.9,14,1.29,36,99,362,2,1,0.181,0.396,0.6,0.4,0.19,0.056,0.89,0.595,0.048,65,0,65,65,32.8,0,7,0,0,0,4,0,0,0,0.03,0,0,5,0.054,0.081,0.165,0,0,196,1 cup
02030,"PEPPER,BLACK",12.46,251,10.39,3.26,4.49,63.95,25.3,0.64,443,9.71,171,158,1329,20,1.19,1.33,12.753,4.9,0,0.108,0.18,1.143,1.399,0.291,17,0,17,17,11.3,0,547,27,0,12,310,25,20,454,1.04,0,0,163.7,1.392,0.739,0.998,0,0,2,"1 tsp, ground"
02064,"PEPPERMINT,FRESH",78.65,70,3.75,0.94,1.76,14.89,8,,243,5.08,80,73,569,31,1.11,0.329,1.176,,31.8,0.082,0.266,1.706,0.338,0.129,114,0,114,114,,0,4248,212,0,,,,,,,0,0,,0.246,0.033,0.508,0,39,1,2 leaves
11921,"PEPPERS,SWT,RED,SAUTEED",78.95,133,1.04,12.75,0.7,6.57,1.8,4.28,7,0.47,12,23,193,21,0.15,0.017,0.115,,162.8,0.056,0.109,0.954,0.244,0.364,2,0,2,2,6.1,0,2760,138,0,96,1570,77,484,106,3.09,0,0,16.4,1.557,2.287,5.719,0,0,106,"1 cup, chopped"
09266,"PINEAPPLE,RAW,ALL VAR",86,50,0.54,0.12,0.22,13.12,1.4,9.85,13,0.29,12,8,109,1,0.12,0.11,0.927,0.1,47.8,0.079,0.032,0.5,0.213,0.112,18,0,18,18,5.5,0,58,3,0,0,35,0,0,0,0.02,0,0,0.7,0.009,0.013,0.04,0,49,165,"1 cup, chunks"
20137,"QUINOA,CKD",71.61,120,4.4,1.92,0.76,21.3,2.8,0.87,17,1.49,64,152,172,7,1.09,0.192,0.631,2.8,0,0.107,0.11,0.412,,0.123,42,0,42,42,23,0,5,0,0,0,3,0,0,53,0.63,0,0,0,0.231,0.528,1.078,0,0,185,1 cup
09302,"RASPBERRIES,RAW",85.75,52,1.2,0.65,0.46,11.94,6.5,4.42,25,0.69,22,29,151,1,0.42,0.09,0.67,0.2,26.2,0.032,0.038,0.598,0.329,0.055,21,0,21,21,12.3,0,33,2,0,16,12,0,0,136,0.87,0,0,7.8,0.019,0.064,0.375,0,4,123,1 cup
20037,"RICE,BROWN,LONG-GRAIN,CKD",73.09,111,2.58,0.9,0.46,22.96,1.8,0.35,10,0.42,43,83,43,5,0.63,0.1,0.905,9.8,0,0.096,0.025,1.528,0.285,0.145,4,0,4,4,9.2,0,0,0,0,0,0,0,0,0,0.17,0,0,0.6,0.18,0.327,0.323,0,0,195,1 cup
02036,"ROSEMARY,DRIED",9.31,331,4.88,15.22,6.53,64.06,42.6,,1280,29.25,220,70,955,50,3.23,0.55,1.867,4.6,61.2,0.514,0.428,1,,1.74,307,0,307,307,,0,3128,156,0,,,,,,,0,0,,7.371,3.014,2.339,0,0,1,1 tsp
02063,"ROSEMARY,FRESH",67.77,131,3.31,5.86,2.35,20.7,14.1,,317,6.65,91,66,668,26,0.93,0.301,0.96,,21.8,0.036,0.152,0.912,0.804,0.336,109,0,109,109,,0,2924,146,0,,,,,,,0,0,,2.838,1.16,0.901,0,35,1,1 tsp
20062,RYE GRAIN,10.6,338,10.34,1.63,1.57,75.86,15.1,0.98,24,2.63,110,332,510,2,2.65,0.367,2.577,13.9,0,0.316,0.251,4.27,1.456,0.294,38,0,38,38,30.4,0,11,1,0,0,7,0,0,210,0.85,0,0,5.9,0.197,0.208,0.767,0,0,169,1 cup
02038,"SAGE,GROUND",7.96,315,10.63,12.75,7.95,60.73,40.3,1.71,1652,28.12,428,91,1070,11,4.7,0.757,3.133,3.7,32.4,0.754,0.336,5.72,,2.69,274,0,274,274,43.6,0,5900,295,0,0,3485,109,0,1895,7.48,0,0,1714.5,7.03,1.87,1.76,0,0,1,1 tsp
15173,"SCALLOP,MXD SP,CKD,BREADED&FRIED",58.44,216,18.07,10.94,1.83,10.13,,,42,0.82,59,236,333,464,1.06,0.078,0.14,26.9,2.3,0.042,0.11,1.505,0.2,0.14,37,19,18,50,,1.32,75,22,,,,,,,,,,,2.669,4.498,2.856,54,0,31,2 large
11442,"SEAWEED,AGAR,RAW",91.32,26,0.54,0.03,1.36,6.75,0.5,0.28,54,1.86,67,5,226,9,0.58,0.061,0.373,0.7,0,0.005,0.022,0.055,0.302,0.032,85,0,85,85,6,0,0,0,0,0,0,0,0,0,0.87,0,0,2.3,0.006,0.003,0.01,0,0,10,"2 tbsp,  (1/8 cup)"
11444,"SEAWEED,IRISHMOSS,RAW",81.34,49,1.51,0.16,4.7,12.29,1.3,0.61,72,8.9,144,157,63,67,1.95,0.149,0.37,0.7,3,0.015,0.466,0.593,0.176,0.069,182,0,182,182,12.9,0,118,6,0,0,71,0,0,0,0.87,0,0,5,0.033,0.015,0.055,0,0,10,"2 tbsp,  (1/8 cup)"
11445,"SEAWEED,KELP,RAW",81.58,43,1.68,0.56,6.61,9.57,1.3,0.6,168,2.85,121,42,89,233,1.23,0.13,0.2,0.7,3,0.05,0.15,0.47,0.642,0.002,180,0,180,180,12.8,0,116,6,0,0,70,0,0,0,0.87,0,0,66,0.247,0.098,0.047,0,0,10,"2 tbsp,  (1/8 cup)"
11446,"SEAWEED,LAVER,RAW",85.03,35,5.81,0.28,3.77,5.11,0.3,0.49,70,1.8,2,58,356,48,1.05,0.264,0.988,0.7,39,0.098,0.446,1.47,0.521,0.159,146,0,146,146,10.4,0,5202,260,0,0,3121,0,0,0,1,0,0,4,0.061,0.025,0.11,0,0,26,10 sheets
11669,"SEAWEED,WAKAME,RAW",79.99,45,3.03,0.64,7.2,9.14,0.5,0.65,150,2.18,107,80,50,872,0.38,0.284,1.4,0.7,3,0.06,0.23,1.6,0.697,0.002,196,0,196,196,13.9,0,360,18,0,0,216,0,0,0,1,0,0,5.3,0.13,0.058,0.218,0,0,10,"2 tbsp,  (1/8 cup)"
12220,"SEEDS,FLAXSEED",6.96,534,18.29,42.16,3.72,28.88,27.3,1.55,255,5.73,392,642,813,30,4.34,1.22,2.482,25.4,0.6,1.644,0.161,3.08,0.985,0.473,87,0,87,87,78.7,0,0,0,0,0,0,0,0,651,0.31,0,0,4.3,3.663,7.527,28.73,0,0,10,"1 tbsp, whole"
12024,"SESAME SEEDS,WHL,RSTD&TSTD",3.3,565,16.96,48,6,25.74,14,,989,14.76,356,638,475,11,7.16,2.47,2.496,34.4,0,0.803,0.251,4.581,0.051,0.802,98,0,98,98,,0,9,0,0,,,,,,,0,0,,6.722,18.127,21.039,0,0,28,1 oz
11451,"SOYBEANS,GRN,CKD,BLD,DRND,WO/SALT",68.6,141,12.35,6.4,1.6,11.05,4.2,,145,2.5,60,158,539,14,0.91,0.117,0.502,1.4,17,0.26,0.155,1.25,0.128,0.06,111,0,111,111,,0,156,8,0,,,,,,,0,0,,0.74,1.209,3.011,0,0,180,1 cup
16109,"SOYBEANS,MATURE CKD,BLD,WO/SALT",62.55,173,16.64,8.97,1.91,9.93,6,3,102,5.14,86,245,515,1,1.15,0.407,0.824,7.3,1.7,0.155,0.285,0.399,0.179,0.234,54,0,54,54,47.5,0,9,0,0,0,5,0,0,0,0.35,0,0,19.2,1.297,1.981,5.064,0,0,172,1 cup
11453,"SOYBEANS,MATURE SEEDS,SPROUTED,CKD,STMD",79.45,81,8.47,4.45,1.1,6.53,0.8,0.52,59,1.31,60,135,355,10,1.04,0.33,0.71,0.6,8.3,0.205,0.053,1.092,0.743,0.105,80,0,80,80,41.2,0,40,2,0,12,12,12,0,0,0.21,0,0,70.6,0.617,1.009,2.513,0,0,94,1 cup
02024,"SPICES,MUSTARD SD,GROUND",5.27,508,26.08,36.24,4.33,28.09,12.2,6.79,266,9.21,370,828,738,13,6.08,0.645,2.448,208.1,7.1,0.805,0.261,4.733,0.81,0.397,162,0,162,162,122.7,0,31,2,0,0,18,0,0,568,5.07,0,0,5.4,1.989,22.518,10.088,0,0,2,1 tsp
11458,"SPINACH,CKD,BLD,DRND,WO/ SALT",91.21,23,2.97,0.26,1.81,3.75,2.4,0.43,136,3.57,87,56,466,70,0.76,0.174,0.935,1.5,9.8,0.095,0.236,0.49,0.145,0.242,146,0,146,146,19.7,0,10481,524,0,0,6288,0,0,11308,2.08,0,0,493.6,0.043,0.006,0.109,0,0,180,1 cup
11457,"SPINACH,RAW",91.4,23,2.86,0.39,1.72,3.63,2.2,0.42,99,2.71,79,49,558,79,0.53,0.13,0.897,1,28.1,0.078,0.189,0.724,0.065,0.195,194,0,194,194,19.3,0,9377,469,0,0,5626,0,0,12198,2.03,0,0,482.9,0.063,0.01,0.165,0,28,30,1 cup
11642,"SQUASH,SMMR,ALL VAR,CKD,BLD,DRND,WO/SALT",93.7,20,0.91,0.31,0.77,4.31,1.4,2.59,27,0.36,24,39,192,1,0.39,0.103,0.213,0.2,5.5,0.044,0.041,0.513,0.137,0.065,20,0,20,20,7.9,0,212,11,0,0,127,0,0,2249,0.14,0,0,3.5,0.064,0.023,0.131,0,0,180,"1 cup, sliced"
11641,"SQUASH,SMMR,ALL VAR,RAW",94.64,16,1.21,0.18,0.62,3.35,1.1,2.2,15,0.35,17,38,262,2,0.29,0.051,0.175,0.2,17,0.048,0.142,0.487,0.155,0.218,29,0,29,29,6.7,0,200,10,0,0,120,0,0,2125,0.12,0,0,3,0.044,0.016,0.089,0,5,113,"1 cup, sliced"
11644,"SQUASH,WNTR,ALL VAR,CKD,BKD,WO/SALT",89.21,37,0.89,0.35,0.69,8.85,2.8,3.3,22,0.44,13,19,241,1,0.22,0.082,0.187,0.4,9.6,0.016,0.067,0.495,0.234,0.161,20,0,20,20,10.6,0,5223,261,0,682,2793,0,0,1415,0.12,0,0,4.4,0.072,0.026,0.147,0,0,205,"1 cup, cubes"
11643,"SQUASH,WNTR,ALL VAR,RAW",89.76,34,0.95,0.13,0.57,8.59,1.5,2.2,28,0.58,14,23,350,4,0.21,0.071,0.163,0.4,12.3,0.03,0.062,0.5,0.188,0.156,24,0,24,24,10,0,1367,68,0,0,820,0,0,38,0.12,0,0,1.1,0.027,0.01,0.056,0,29,116,"1 cup, cubes"
09316,"STRAWBERRIES,RAW",90.95,32,0.67,0.3,0.4,7.68,2,4.89,16,0.41,13,24,153,1,0.14,0.048,0.386,0.4,58.8,0.024,0.022,0.386,0.125,0.047,24,0,24,24,5.7,0,12,1,0,0,7,0,0,26,0.29,0,0,2.2,0.015,0.043,0.155,0,6,152,"1 cup,  halves"
16114,TEMPEH,59.65,193,18.54,10.8,1.62,9.39,,,111,2.7,81,266,412,9,1.14,0.56,1.3,0,0,0.078,0.358,2.64,0.278,0.215,24,0,24,24,,0.08,0,0,0,,,,,,,0,0,,2.22,3,3.827,0,0,166,1 cup
16174,"TEMPEH,CKD",59.56,196,18.19,11.38,1.53,9.35,,,96,2.13,77,253,401,14,1.57,0.54,1.285,0,,0.054,0.357,2.135,0.453,0.199,21,0,21,21,,0.14,,,,,,,,,,0,0,,3.4,3.745,2.638,,0,166,1 cup
16159,"TOFU,EX FIRM,PREP W/NIGARI",81.28,91,9.89,5.83,1,2,0.4,0.5,175,1.84,53,136,132,8,1.1,0.191,0.759,13,0.5,0.048,0.045,0.288,0.453,0.063,17,0,17,17,,0,0,0,0,,,,,,,0,0,,0.542,4.338,0.542,0,0,91,.2 block
16160,"TOFU,HARD,PREP W/NIGARI",71.12,146,12.68,9.99,1.82,4.39,0.6,,345,2.75,53,231,146,2,1.66,0.328,1.052,16.8,0.3,0.042,0.077,0.639,0.037,0.039,22,0,22,22,,0,,,,,,,,,,0,0,,1.445,2.205,5.638,0,0,122,.25 block
16127,"TOFU,SOFT,PREP W/CA SULFATE&MAGNESIUM CHLORIDE (NIGARI)",87.26,61,6.55,3.69,0.7,1.8,0.2,0.7,111,1.11,27,92,120,8,0.64,0.157,0.389,8.9,0.2,0.047,0.037,0.535,0.051,0.052,44,0,44,44,27.4,0,7,0,0,0,4,0,0,0,0.01,0,0,2,0.533,0.814,2.081,0,0,120,"1 piece,  (2-1/2"" x 2-3/4"" x 1"")"
11529,"TOMATOES,RED,RIPE,RAW,YEAR RND AVERAGE",94.52,18,0.88,0.2,0.5,3.89,1.2,2.63,10,0.27,11,24,237,5,0.17,0.059,0.114,0,13.7,0.037,0.019,0.594,0.089,0.08,15,0,15,15,6.7,0,833,42,0,101,449,0,2573,123,0.54,0,0,7.9,0.028,0.031,0.083,0,9,149,"1 cup,  cherry tomatoes"
15118,"TUNA,FRSH,BLUEFIN,CKD,DRY HEAT",59.09,184,29.91,6.28,1.51,0,0,,10,1.31,64,326,323,50,0.77,0.11,0.02,46.8,0,0.278,0.306,10.54,1.37,0.525,2,0,2,2,,10.88,2520,757,757,,,,,,,,,,1.612,2.053,1.844,49,0,85,3 oz
15221,"TUNA,YELLOWFIN,FRSH,CKD,DRY HEAT",68.98,130,29.15,0.59,1.96,0,0,0,4,0.92,42,333,527,54,0.45,0.043,0.013,108.2,0,0.134,0.137,22.07,0.334,1.038,2,0,2,2,77.6,2.35,65,22,22,0,0,0,0,0,0.29,2,82,0.1,0.205,0.138,0.175,47,0,85,3 oz
05220,"TURKEY,BREAST,FROM WHL BIRD,NON-ENHANCED,MEAT ONLY,RSTD",67.88,147,30.13,2.08,1.22,0,0,0,9,0.71,32,230,249,99,1.72,0.063,0.011,30.2,0,0.035,0.205,11.75,0.9,0.807,9,0,9,9,84.4,0.39,11,3,3,0,0,0,0,0,0.06,0.3,10,0,0.593,0.626,0.528,80,19,85,3 oz
02043,"TURMERIC,GROUND",12.85,312,9.68,3.25,7.08,67.14,22.7,3.21,168,55,208,299,2080,27,4.5,1.3,19.8,6.2,0.7,0.058,0.15,1.35,0.542,0.107,20,0,20,20,49.2,0,0,0,0,0,0,0,0,0,4.43,0,0,13.4,1.838,0.449,0.756,0,0,3,1 tsp
11568,"TURNIP GREENS,RAW",89.67,32,1.5,0.3,1.4,7.13,3.2,0.81,190,1.1,31,42,296,40,0.19,0.35,0.466,1.2,60,0.07,0.1,0.6,0.38,0.263,194,0,194,194,,0,11587,579,0,0,6952,0,0,12825,2.86,0,0,251,0.07,0.02,0.12,0,30,55,"1 cup, chopped"
11569,"TURNIP GRNS,CKD,BLD,DRND,WO/SALT",93.2,20,1.14,0.23,1.07,4.36,3.5,0.53,137,0.8,22,29,203,29,0.14,0.253,0.337,0.9,27.4,0.045,0.072,0.411,0.274,0.18,118,0,118,118,0.3,0,7625,381,0,0,4575,0,0,8440,1.88,0,0,367.6,0.053,0.015,0.091,0,0,144,"1 cup, chopped"
12154,"WALNUTS,BLACK,DRIED",4.56,619,24.06,59.33,2.47,9.58,6.8,1.1,61,3.12,201,513,523,2,3.37,1.36,3.896,17,1.7,0.057,0.13,0.47,1.66,0.583,31,0,31,31,32.1,0,40,2,0,0,24,0,0,9,2.08,0,0,2.7,3.483,15.442,36.437,0,76,125,"1 cup, chopped"
12155,"WALNUTS,ENGLISH",4.07,654,15.23,65.21,1.78,13.71,6.7,2.61,98,2.91,158,346,441,2,3.09,1.586,3.414,4.9,1.3,0.341,0.15,1.125,0.57,0.537,98,0,98,98,39.2,0,20,1,0,0,12,0,0,9,0.7,0,0,2.7,6.126,8.933,47.174,0,55,117,"1 cup, chopped"
20077,"WHEAT BRAN,CRUDE",9.89,216,15.55,4.25,5.79,64.51,42.8,0.41,73,10.57,611,1013,1182,2,7.27,0.998,11.5,77.6,0,0.523,0.577,13.578,2.181,1.303,79,0,79,79,74.4,0,9,0,0,0,6,0,0,240,1.49,0,0,1.9,0.63,0.637,2.212,0,0,58,1 cup
20078,"WHEAT GERM,CRUDE",11.12,360,23.15,9.72,4.21,51.8,13.2,,39,6.26,239,842,892,12,12.29,0.796,13.301,79.2,0,1.882,0.499,6.813,2.257,1.3,281,0,281,281,,0,0,0,0,,,,,,,0,0,,1.665,1.365,6.01,0,0,115,1 cup
20087,"WHEAT,SPROUTED",47.75,198,7.49,1.27,0.96,42.53,1.1,,28,2.14,82,200,169,16,1.65,0.261,1.858,42.5,2.6,0.225,0.155,3.087,0.947,0.265,38,0,38,38,,0,0,0,0,,,,,,,0,0,,0.206,0.151,0.557,0,0,108,1 cup
01116,"YOGURT,PLN,WHL MILK,8 GRAMS PROT PER 8 OZ",87.9,61,3.47,3.25,0.72,4.66,0,4.66,121,0.05,12,95,155,46,0.59,0.009,0.004,2.2,0.5,0.029,0.142,0.075,0.389,0.032,7,0,7,7,15.2,0.37,99,27,27,0,5,0,0,0,0.06,0.1,2,0.2,2.096,0.893,0.092,13,0,170,"1 container,  (6 oz)"
09004,"APPLES,RAW,WITHOUT SKIN",86.67,48,0.27,0.13,0.17,12.76,1.3,10.1,5,0.07,4,11,90,0,0.05,0.031,0.038,0,4,0.019,0.028,0.091,0.071,0.037,0,0,0,0,3.4,0,38,2,0,0,17,13,0,18,0.05,0,0,0.6,0.021,0.005,0.037,0,23,216,"1 large,  (3-1/4"" dia)"
11959,"ARUGULA,RAW",91.71,25,2.58,0.66,1.4,3.65,1.6,2.05,160,1.46,47,52,369,27,0.47,0.076,0.321,0.3,15,0.044,0.086,0.305,0.437,0.073,97,0,97,97,15.3,0,2373,119,0,0,1424,0,0,3555,0.43,0,0,108.6,0.086,0.049,0.319,0,40,10,.5 cup
11012,"ASPARAGUS,CKD,BLD,DRND",92.63,22,2.4,0.22,0.63,4.11,2,1.3,23,0.91,14,54,224,14,0.6,0.165,0.154,6.1,7.7,0.162,0.139,1.084,0.225,0.079,149,0,149,149,26.1,0,1006,50,0,0,604,0,30,771,1.5,0,0,50.6,0.048,0,0.105,0,0,60,"4 spears,  (1/2"" base)"
11705,"ASPARAGUS,CKD,BLD,DRND,W/SALT",92.63,22,2.4,0.22,0.63,4.11,2,1.3,23,0.91,14,54,224,240,0.6,0.165,0.154,6.1,7.7,0.162,0.139,1.084,0.225,0.079,149,0,149,149,26.1,0,1006,50,0,0,604,0,30,771,1.5,0,0,50.6,0.048,0,0.105,0,0,60,"4 spears,  (1/2"" base)"
09040,"BANANAS,RAW",74.91,89,1.09,0.33,0.82,22.84,2.6,12.23,5,0.26,27,22,358,1,0.15,0.078,0.27,1,8.7,0.031,0.073,0.665,0.334,0.367,20,0,20,20,9.8,0,64,3,0,25,26,0,0,22,0.1,0,0,0.5,0.112,0.032,0.073,0,36,150,"1 cup, sliced"
13000,"BEEF,GRASS-FED,STRIP STEAKS,LN,RAW",73.42,117,23.07,2.69,1.69,0,0,0,9,1.85,23,212,342,55,3.61,0.068,0.009,21.1,0,0.052,0.124,6.703,0.678,0.651,13,0,13,13,65.1,1.27,0,0,0,0,0,0,0,0,0.22,,,0.9,1.032,0.995,0.108,55,34,214,1 steak
23569,"BEEF,GROUND,85% LN MEAT / 15% FAT,PATTY,CKD,PAN-BROILED",60.61,232,24.62,14.02,1.07,0,0,0,20,2.68,22,211,349,79,6.2,0.081,0.012,20.3,0,0.043,0.177,5.778,0.728,0.367,8,0,8,8,81.1,2.79,10,3,3,0,0,0,0,0,0.13,0,2,1.5,5.331,6.034,0.438,84,0,83,"1 patty,  ( yield from 1/4 lb raw meat )"
11081,"BEETS,CKD,BLD,DRND",87.06,44,1.68,0.18,1.12,9.96,2,7.96,16,0.79,23,38,305,77,0.35,0.074,0.326,0.7,3.6,0.027,0.04,0.331,0.145,0.067,80,0,80,80,6.3,0,35,2,0,0,21,0,0,0,0.04,0,0,0.2,0.028,0.035,0.064,0,0,100,"2 beets,  (2"" dia, sphere)"
09050,"BLUEBERRIES,RAW",84.21,57,0.74,0.33,0.24,14.49,2.4,9.96,6,0.28,6,12,77,1,0.16,0.057,0.336,0.1,9.7,0.037,0.041,0.418,0.124,0.052,6,0,6,6,6,0,54,3,0,0,32,0,0,80,0.57,0,0,19.3,0.028,0.047,0.146,0,5,68,50 berries
11099,"BRUSSELS SPROUTS,CKD,BLD,DRND,WO/SALT",88.9,36,2.55,0.5,0.95,7.1,2.6,1.74,36,1.2,20,56,317,21,0.33,0.083,0.227,1.5,62,0.107,0.08,0.607,0.252,0.178,60,0,60,60,40.6,0,775,39,0,0,465,0,0,1290,0.43,0,0,140.3,0.102,0.038,0.255,0,0,78,.5 cup
11113,"CABBAGE,RED,CKD,BLD,DRND,WO/SALT",90.84,29,1.51,0.09,0.62,6.94,2.6,3.32,42,0.66,17,33,262,28,0.25,0.054,0.223,2.3,34.4,0.071,0.06,0.382,0.154,0.225,24,0,24,24,21.4,0,33,2,0,0,20,0,0,20,0.12,0,0,47.6,0.011,0.007,0.043,0,0,75,".5 cup, shredded"
09060,"CARAMBOLA,(STARFRUIT),RAW",91.38,31,1.04,0.33,0.52,6.73,2.8,3.98,3,0.08,10,12,133,2,0.12,0.137,0.037,0.6,34.4,0.014,0.016,0.367,0.391,0.017,12,0,12,12,7.6,0,61,3,0,24,25,0,0,66,0.15,0,0,0,0.019,0.03,0.184,0,3,108,"1 cup, sliced"
11125,"CARROTS,CKD,BLD,DRND,WO/SALT",90.17,35,0.76,0.18,0.67,8.22,3,3.45,30,0.34,10,30,235,58,0.2,0.017,0.155,0.7,3.6,0.066,0.044,0.645,0.232,0.153,14,0,14,14,8.8,0,17033,852,0,3776,8332,0,0,687,1.03,0,0,13.7,0.03,0.006,0.089,0,0,78,".5 cup, slices"
11136,"CAULIFLOWER,CKD,BLD,DRND,WO/SALT",93,23,1.84,0.45,0.6,4.11,2.3,2.08,16,0.32,9,32,142,15,0.17,0.018,0.132,0.6,44.3,0.042,0.052,0.41,0.508,0.173,44,0,44,44,39.1,0,12,1,0,0,7,0,0,29,0.07,0,0,13.8,0.07,0.032,0.217,0,0,54,3 flowerets
11144,"CELERY,CKD,BLD,DRND,WO/SALT",94.11,18,0.83,0.16,0.9,4,1.6,2.37,42,0.42,12,25,284,91,0.14,0.036,0.106,1,6.1,0.023,0.07,0.372,0.317,0.086,33,0,33,33,7.9,0,521,26,0,0,313,0,0,329,0.35,0,0,37.8,0.04,0.03,0.075,0,0,75,2 stalks
01011,"CHEESE,COLBY",38.2,394,23.76,32.11,3.36,2.57,0,0.52,685,0.76,26,457,127,604,3.07,0.042,0.012,14.5,0,0.015,0.375,0.093,0.21,0.079,18,0,18,18,15.4,0.83,994,264,257,0,82,0,0,0,0.28,0.6,24,2.7,20.218,9.28,0.953,95,0,113,"1 cup, shredded"
01019,"CHEESE,FETA",55.22,264,14.21,21.28,5.2,4.09,0,4.09,493,0.65,19,337,62,917,2.88,0.032,0.028,15,0,0.154,0.844,0.991,0.967,0.424,32,0,32,32,15.4,1.69,422,125,125,0,3,0,0,0,0.18,0.4,16,1.8,14.946,4.623,0.591,89,0,28.35,1 oz
01020,"CHEESE,FONTINA",37.92,389,25.6,31.14,3.79,1.55,0,1.55,550,0.23,14,346,64,800,3.5,0.025,0.014,14.5,0,0.021,0.204,0.15,0.429,0.083,6,0,6,6,15.4,1.68,913,261,258,0,32,0,0,0,0.27,0.6,23,2.6,19.196,8.687,1.654,116,0,108,"1 cup, shredded"
01025,"CHEESE,MONTEREY",41.01,373,24.48,30.28,3.55,0.68,0,0.5,746,0.72,27,444,81,600,3,0.032,0.011,14.5,0,0.015,0.39,0.093,0.21,0.079,18,0,18,18,15.4,0.83,769,198,192,0,78,0,0,0,0.26,0.6,22,2.5,19.066,8.751,0.899,89,0,113,"1 cup, shredded"
01026,"CHEESE,MOZZARELLA,WHL MILK",50.01,300,22.17,22.35,3.28,2.19,0,1.03,505,0.44,20,354,76,627,2.92,0.011,0.03,17,0,0.03,0.283,0.104,0.141,0.037,7,0,7,7,15.4,2.28,676,179,174,0,57,0,0,0,0.19,0.4,16,2.3,13.152,6.573,0.765,79,0,28.35,1 oz
01035,"CHEESE,PROVOLONE",40.95,351,25.58,26.62,4.71,2.14,0,0.56,756,0.52,28,496,138,876,3.23,0.026,0.01,14.5,0,0.019,0.321,0.156,0.476,0.073,10,0,10,10,15.4,1.46,880,236,230,0,68,0,0,0,0.23,0.5,20,2.2,17.078,7.393,0.769,69,0,28.35,1 oz
12109,"COCONUT MEAT,DRIED (DESICCATED),SWTND,FLAKED,PACKAGED",15.46,456,3.13,27.99,1.57,51.85,9.9,36.75,11,1.51,51,100,361,285,0.71,0.295,0.959,16.1,0,0.015,0.015,0.697,0.14,0.03,3,0,3,3,19.3,0,0,0,0,0,0,0,0,0,0,0,0,0,26.396,1.377,0.222,0,0,28.35,1 oz
12104,"COCONUT MEAT,RAW",46.99,354,3.33,33.49,0.97,15.23,9,6.23,14,2.43,32,113,356,20,1.1,0.435,1.5,10.1,3.3,0.066,0.02,0.54,0.3,0.054,26,0,26,26,12.1,0,0,0,0,0,0,0,0,0,0.24,0,0,0.2,29.698,1.425,0.366,0,48,397,1 medium
12118,"COCONUT MILK,CND (LIQ EXPRESSED FROM GRATED MEAT&H2O)",72.88,197,2.02,21.33,0.97,2.81,,,18,3.3,46,96,220,13,0.56,0.223,0.768,,1,0.022,0,0.637,0.153,0.028,14,0,14,14,8.5,0,0,0,0,,,,,,,0,0,,18.915,0.907,0.233,0,0,15,1 tbsp
15016,"COD,ATLANTIC,CKD,DRY HEAT",75.92,105,22.83,0.86,1.49,0,0,0,14,0.49,42,138,244,78,0.58,0.036,0.02,37.6,1,0.088,0.079,2.513,0.18,0.283,8,0,8,8,83.7,1.05,47,14,14,0,0,0,0,0,0.81,1.2,46,0.1,0.168,0.124,0.292,55,0,180,1 fillet
09078,"CRANBERRIES,RAW",87.13,46,0.39,0.13,0.15,12.2,4.6,4.04,8,0.25,6,13,85,2,0.1,0.061,0.36,0.1,13.3,0.012,0.02,0.101,0.295,0.057,1,0,1,1,5.5,0,60,3,0,0,36,0,0,91,1.2,0,0,5.1,0.011,0.018,0.055,0,2,100,"1 cup, whole"
02017,"DILL WEED,DRIED",7.3,253,19.96,4.36,12.56,55.82,13.6,,1784,48.78,451,543,3308,208,3.3,0.49,3.95,,50,0.418,0.284,2.807,,1.71,,,,,,0,5850,293,0,,,,,,,0,0,,0.234,,,0,0,3.1,1 tbsp
01130,"EGG,WHOLE,COOKED,OMELET",76.13,154,10.57,11.66,1.01,0.64,0,0.31,48,1.48,11,167,117,155,1.09,0.063,0.024,25.8,0,0.034,0.386,0.064,1.289,0.143,39,0,39,39,247.6,0.76,617,172,169,0,28,8,0,423,1.29,1.7,69,4.5,3.319,4.843,2.712,313,0,61,1 large
09089,"FIGS,RAW",79.11,74,0.75,0.3,0.66,19.18,2.9,16.26,35,0.37,17,14,232,1,0.15,0.07,0.128,0.2,2,0.06,0.05,0.4,0.3,0.113,6,0,6,6,4.7,0,142,7,0,0,85,0,0,9,0.11,0,0,4.7,0.06,0.066,0.144,0,1,50,"1 medium,  (2-1/4"" dia)"
15121,"FISH,TUNA,LT,CND IN H2O,DRND SOL",78.14,86,19.44,0.96,0.95,0,0,0,17,1.63,23,139,179,247,0.69,0.05,0.019,70.6,0,0.03,0.084,10.136,0.148,0.319,4,0,4,4,29.3,2.55,57,17,17,0,0,0,0,0,0.33,1.2,47,0.2,0.211,0.107,0.277,36,0,85,3 oz
11215,"GARLIC,RAW",58.58,149,6.36,0.5,1.5,33.06,2.1,1,181,1.7,25,153,401,17,1.16,0.299,1.672,14.2,31.2,0.2,0.11,0.7,0.596,1.235,3,0,3,3,23.2,0,9,0,0,0,5,0,0,16,0.08,0,0,1.7,0.089,0.011,0.249,0,13,2.8,1 tsp
02021,"GINGER,GROUND",9.94,335,8.98,4.24,5.22,71.62,14.1,3.39,114,19.8,214,168,1320,27,3.64,0.48,33.3,55.8,0.7,0.046,0.17,9.62,0.477,0.626,13,0,13,13,41.2,0,30,2,0,0,18,0,0,0,0,0,0,0.8,2.599,0.479,0.929,0,0,5.2,1 tbsp
12129,"GINKGO NUTS,CANNED",72.95,111,2.29,1.62,1.04,22.1,9.3,,4,0.29,16,54,180,307,0.21,0.166,0.068,0.5,9.1,0.133,0.054,3.623,0.097,0.198,33,0,33,33,,0,337,17,0,,,,,,,0,0,,0.309,0.599,0.597,0,41,28.35,"1 oz,  (14 kernels)"
09112,"GRAPEFRUIT,RAW,PINK&RED,ALL AREAS",88.06,42,0.77,0.14,0.36,10.66,1.6,6.89,22,0.08,9,18,135,0,0.07,0.032,0.022,0.1,31.2,0.043,0.031,0.204,0.262,0.053,13,0,13,13,7.7,0,1150,58,0,3,686,6,1419,5,0.13,0,0,0,0.021,0.02,0.036,0,49,123,".5 fruit,  (3-3/4"" dia)"
09132,"GRAPES,RED OR GRN (EURO TYPE,SUCH AS THOMPSON SEEDLESS),RAW",80.54,69,0.72,0.16,0.48,18.1,0.9,15.48,10,0.36,7,20,191,2,0.07,0.127,0.071,0.1,3.2,0.069,0.07,0.188,0.05,0.086,2,0,2,2,5.6,0,66,3,0,1,39,0,0,72,0.19,0,0,14.6,0.054,0.007,0.048,0,4,49,10 grapes
09148,"KIWIFRUIT,GRN,RAW",83.07,61,1.14,0.52,0.61,14.66,3,8.99,34,0.31,17,34,312,3,0.14,0.13,0.098,0.2,92.7,0.027,0.025,0.341,0.183,0.063,25,0,25,25,7.8,0,87,4,0,0,52,0,0,122,1.46,0,0,40.3,0.029,0.047,0.287,0,24,69,"1 fruit,  (2"" dia)"
17028,"LAMB,DOM,LOIN,LN,1/4""FAT,CHOIC,CKD,RSTD",62.76,202,26.59,9.76,1.35,0,0,,17,2.44,27,206,267,66,4.06,0.132,0.026,30.3,0,0.1,0.27,6.83,0.68,0.16,25,0,25,25,,2.16,0,0,0,,,,,,0.16,,,,3.72,3.95,0.86,87,44,193,"1 piece, cooked, excluding refuse (yield from 1 lb raw meat with refuse)"
11246,"LEEKS,(BULB&LOWER LEAF-PORTION),RAW",83,61,1.5,0.3,1.05,14.15,1.8,3.9,59,2.1,28,35,180,20,0.12,0.12,0.481,1,12,0.06,0.03,0.4,0.14,0.233,64,0,64,64,9.5,0,1667,83,0,0,1000,0,0,1900,0.92,0,0,47,0.04,0.004,0.166,0,56,89,1 leek
09152,"LEMON JUICE,RAW",92.31,22,0.35,0.24,0.21,6.9,0.3,2.52,6,0.08,6,8,103,1,0.05,0.016,0.012,0.1,38.7,0.024,0.015,0.091,0.131,0.046,20,0,20,20,5.1,0,6,0,0,0,1,4,0,15,0.15,0,0,0,0.04,0.006,0.021,0,0,30.5,1 fl oz
09150,"LEMONS,RAW,WITHOUT PEEL",88.98,29,1.1,0.3,0.3,9.32,2.8,2.5,26,0.6,8,16,138,2,0.06,0.037,0.03,0.4,53,0.04,0.02,0.1,0.19,0.08,11,0,11,11,5.1,0,22,1,0,1,3,20,0,11,0.15,0,0,0,0.039,0.011,0.089,0,47,58,"1 fruit,  (2-1/8"" dia)"
11251,"LETTUCE,COS OR ROMAINE,RAW",94.61,17,1.23,0.3,0.58,3.29,2.1,1.19,33,0.97,14,30,247,8,0.23,0.048,0.155,0.4,4,0.072,0.067,0.313,0.142,0.074,136,0,136,136,9.9,0,8710,436,0,0,5226,0,0,2312,0.13,0,0,102.5,0.039,0.012,0.16,0,6,6,"1 leaf, inner"
09160,"LIME JUICE,RAW",90.79,25,0.42,0.07,0.31,8.42,0.4,1.69,14,0.09,8,14,117,2,0.08,0.027,0.018,0.1,30,0.025,0.015,0.142,0.123,0.038,10,0,10,10,5.1,0,50,2,0,0,30,0,0,0,0.22,0,0,0.6,0.008,0.008,0.023,0,0,30.8,1 fl oz
09176,"MANGOS,RAW",83.46,60,0.82,0.38,0.36,14.98,1.6,13.66,11,0.16,10,14,168,1,0.09,0.111,0.063,0.6,36.4,0.028,0.038,0.669,0.197,0.119,43,0,43,43,7.6,0,1082,54,0,9,640,10,3,23,0.9,0,0,4.2,0.092,0.14,0.071,0,20,336,"1 fruit, without refuse"
09181,"MELONS,CANTALOUPE,RAW",90.15,34,0.84,0.19,0.65,8.16,0.9,7.86,9,0.21,12,15,267,16,0.18,0.041,0.041,0.4,36.7,0.041,0.019,0.734,0.105,0.072,21,0,21,21,7.6,0,3382,169,0,16,2020,1,0,26,0.05,0,0,2.5,0.051,0.003,0.081,0,49,160,"1 cup, cubes"
11269,"MUSHROOMS,SHIITAKE,CKD,WO/SALT",83.48,56,1.56,0.22,0.35,14.39,2.1,3.84,3,0.44,14,29,117,4,1.33,0.896,0.204,24.8,0.3,0.037,0.17,1.5,3.594,0.159,21,0,21,21,36.8,0,0,0,0,0,0,0,0,0,0,0.7,28,0,0.05,0.07,0.034,0,0,72,4 mushrooms
09193,"OLIVES,RIPE,CND (SMALL-EXTRA LRG)",79.99,115,0.84,10.68,2.23,6.26,3.2,0,88,3.3,4,3,8,735,0.22,0.251,0.02,0.9,0.9,0.003,0,0.037,0.015,0.009,0,0,0,0,10.3,0,403,20,0,0,237,9,0,510,1.65,0,0,1.4,1.415,7.888,0.911,0,0,4.4,1 large
11291,"ONIONS,SPRING OR SCALLIONS (INCL TOPS&BULB),RAW",89.83,32,1.83,0.19,0.81,7.34,2.6,2.33,72,1.48,20,37,276,16,0.39,0.083,0.16,0.6,18.8,0.055,0.08,0.525,0.075,0.061,64,0,64,64,5.7,0,997,50,0,0,598,0,0,1137,0.55,0,0,207,0.032,0.027,0.074,0,4,6,"1 tbsp, chopped"
09200,"ORANGES,RAW,ALL COMM VAR",86.75,47,0.94,0.12,0.44,11.75,2.4,9.35,40,0.1,10,14,181,0,0.07,0.045,0.025,0.5,53.2,0.087,0.04,0.282,0.25,0.06,30,0,30,30,8.4,0,225,11,0,11,71,116,0,129,0.18,0,0,0,0.015,0.023,0.025,0,27,184,"1 large,  (3-1/16"" dia)"
02029,"PARSLEY,DRIED",5.89,292,26.63,5.48,11.36,50.64,26.7,7.27,1140,22.04,400,436,2683,452,5.44,0.78,9.81,14.1,125,0.196,2.383,9.943,1.062,0.9,180,0,180,180,97.1,0,1939,97,0,17,1152,4,0,2428,8.96,0,0,1359.5,1.378,0.761,3.124,0,0,1.6,1 tbsp
11297,"PARSLEY,FRSH",87.71,36,2.97,0.79,2.2,6.33,3.3,0.85,138,6.2,50,58,554,56,1.07,0.149,0.16,0.1,133,0.086,0.098,1.313,0.4,0.09,152,0,152,152,12.8,0,8424,421,0,0,5054,0,0,5561,0.75,0,0,1640,0.132,0.295,0.124,0,5,3.8,1 tbsp
16087,"PEANUTS,ALL TYPES,RAW",6.5,567,25.8,49.24,2.33,16.13,8.5,4.72,92,4.58,168,376,705,18,3.27,1.144,1.934,7.2,0,0.64,0.135,12.066,1.767,0.348,240,0,240,240,52.5,0,0,0,0,0,0,0,0,0,8.33,0,0,0,6.279,24.426,15.558,0,0,146,1 cup
11962,"PEPPERS,HOT CHILE,SUN-DRIED",7.15,324,10.58,5.81,6.6,69.86,28.7,41.06,45,6.04,88,159,1870,91,1.02,0.228,0.821,3.5,31.4,0.081,1.205,8.669,0.956,0.81,51,0,51,51,84.3,0,26488,1324,0,994,14844,1103,0,5494,3.14,0,0,108.2,0.813,0.468,3.079,0,0,0.5,1 pepper
11821,"PEPPERS,SWT,RED,RAW",92.21,31,0.99,0.3,0.47,6.03,2.1,4.2,7,0.43,12,26,211,4,0.25,0.017,0.112,0.1,127.7,0.054,0.085,0.979,0.317,0.291,46,0,46,46,5.6,0,3131,157,0,20,1624,490,0,51,1.58,0,0,4.9,0.027,0.003,0.07,0,18,92,"1 cup, sliced"
09291,"PLUMS,DRIED (PRUNES),UNCKD",30.92,240,2.18,0.38,2.64,63.88,7.1,38.13,43,0.93,41,69,732,2,0.44,0.281,0.299,0.3,0.6,0.051,0.186,1.882,0.422,0.205,4,0,4,4,10.1,0,781,39,0,57,394,93,0,148,0.43,0,0,59.5,0.088,0.053,0.062,0,13,9.5,"1 prune, pitted"
09279,"PLUMS,RAW",87.23,46,0.7,0.28,0.37,11.42,1.4,9.92,6,0.17,7,16,157,0,0.1,0.057,0.052,0,9.5,0.028,0.026,0.417,0.135,0.029,5,0,5,5,1.9,0,345,17,0,0,190,35,0,73,0.26,0,0,6.4,0.017,0.134,0.044,0,6,66,"1 fruit,  (2-1/8"" dia)"
11363,"POTATOES,BKD,FLESH,WO/SALT",75.42,93,1.96,0.1,0.97,21.55,1.5,1.7,5,0.35,25,50,391,5,0.29,0.215,0.161,0.3,12.8,0.105,0.021,1.395,0.555,0.301,9,0,9,9,14.5,0,0,0,0,0,0,0,0,0,0.04,0,0,0.3,0.026,0.002,0.043,0,23,156,"1 potato,  (2-1/3"" x 4-3/4"")"
12163,"PUMPKIN&SQUASH SEEDS,WHL,RSTD,WO/SALT",4.5,446,18.55,19.4,3.8,53.75,18.4,,55,3.31,262,92,919,18,10.3,0.69,0.496,,0.3,0.034,0.052,0.286,0.056,0.037,9,0,9,9,,0,62,3,0,,,,,,,0,0,,3.67,6.032,8.844,0,0,28.35,"1 oz,  (85 seeds)"
09307,"RHUBARB,RAW",93.61,21,0.9,0.2,0.76,4.54,1.8,1.1,86,0.22,12,14,288,4,0.1,0.021,0.196,1.1,8,0.02,0.03,0.3,0.085,0.024,7,0,7,7,6.1,0,102,5,0,0,61,0,0,170,0.27,0,0,29.3,0.053,0.039,0.099,0,25,51,1 stalk
15237,"SALMON,ATLANTIC,FARMED,CKD,DRY HEAT",64.75,206,22.1,12.35,1.15,0,0,,15,0.34,30,252,384,61,0.43,0.049,0.016,41.4,3.7,0.34,0.135,8.045,1.475,0.647,34,0,34,34,,2.8,50,,,,,,,,,,,,2.504,4.432,4.426,63,0,178,.5 fillet
15209,"SALMON,ATLANTIC,WILD,CKD,DRY HEAT",59.62,182,25.44,8.13,3.26,0,0,,15,1.03,37,256,628,56,0.82,0.321,0.021,46.8,0,0.275,0.487,10.077,1.92,0.944,29,0,29,29,,3.05,44,13,13,,,,,,,,,,1.257,2.697,3.256,71,0,154,.5 fillet
15086,"SALMON,SOCKEYE,CKD,DRY HEAT",68,169,25.4,6.69,1.43,0,0,0,12,0.5,36,317,408,134,0.5,0.072,0.013,36.5,0,0.215,0.14,9.698,1.371,0.693,9,0,9,9,112.7,5.67,207,69,69,0,0,0,0,0,1.14,13.1,526,0.1,1.409,2.22,2.272,63,0,155,.5 fillet
15088,"SARDINE,ATLANTIC,CND IN OIL,DRND SOL W/BONE",59.61,208,24.62,11.45,3.38,0,0,0,382,2.92,39,490,397,307,1.31,0.186,0.108,52.7,0,0.08,0.227,5.245,0.642,0.167,10,0,10,10,75,8.94,108,32,32,0,0,0,0,0,2.04,4.8,193,2.6,1.528,3.869,5.148,142,0,28.35,1 oz
11667,"SEAWEED,SPIRULINA,DRIED",4.68,290,57.47,7.72,6.23,23.9,3.6,3.1,120,28.5,195,118,1363,1048,2,6.1,1.9,7.2,10.1,2.38,3.67,12.82,3.48,0.364,94,0,94,94,66,0,570,29,0,0,342,0,0,0,5,0,0,25.5,2.65,0.675,2.08,0,0,7,1 tablespoon
12536,"SEEDS,SUNFLOWER SD KRNLS FROM SHELL,DRY RSTD,W/ SALT ADDED",1.2,546,19.33,49.8,14.36,15.31,9,2.73,70,3.8,129,1155,850,6008,5.29,1.83,2.11,79.3,1.4,0.106,0.246,7.042,7.042,0.804,237,0,237,237,55.1,0,9,0,0,0,5,0,0,0,26.1,0,0,2.7,5.219,9.505,32.884,0,46,28.35,1 oz
15151,"SHRIMP,MXD SP,CKD,MOIST HEAT",71.56,119,22.78,1.7,3.11,1.52,0,0,91,0.32,37,306,170,947,1.63,0.258,0.049,49.5,0,0.032,0.024,2.678,0.519,0.242,24,0,24,24,135.4,1.66,301,90,90,0,0,0,0,0,2.2,0.1,4,0.4,0.521,0.361,0.59,211,0,22,4 large
02027,"SPICES,OREGANO,DRIED",9.93,265,9,4.28,7.87,68.92,42.5,4.09,1597,36.8,270,148,1260,25,2.69,0.633,4.99,4.5,2.3,0.177,0.528,4.64,0.921,1.044,237,0,237,237,32.3,0,1701,85,0,20,1007,7,0,1895,18.26,0,0,621.7,1.551,0.716,1.369,0,0,1.8,"1 tsp, ground"
02042,"SPICES,THYME,DRIED",7.79,276,9.11,7.43,11.74,63.94,37,1.71,1890,123.6,220,201,814,55,6.18,0.86,7.867,4.6,50,0.513,0.399,4.94,,0.55,274,0,274,274,43.6,0,3800,190,0,0,2264,33,0,1895,7.48,0,0,1714.5,2.73,0.47,1.19,0,0,2.7,"1 tbsp, leaves"
11508,"SWEET POTATO,CKD,BKD IN SKN,FLESH,WO/ SALT",75.78,90,2.01,0.15,1.35,20.71,3.3,6.48,38,0.69,27,54,475,36,0.32,0.161,0.497,0.2,19.6,0.107,0.106,1.487,0.884,0.286,6,0,6,6,13.1,0,19218,961,0,43,11509,0,0,0,0.71,0,0,2.3,0.052,0.002,0.092,0,22,180,1 large
02049,"THYME,FRSH",65.11,101,5.56,1.68,3.2,24.45,14,,405,17.45,160,106,609,9,1.81,0.555,1.719,,160.1,0.048,0.471,1.824,0.409,0.348,45,0,45,45,,0,4751,238,0,,2851,,,,,0,0,,0.467,0.081,0.532,0,32,0.4,.5 tsp
16126,"TOFU,FIRM,PREP W/CA SULFATE&MAGNESIUM CHLORIDE (NIGARI)",84.95,70,8.19,4.17,1.01,1.69,0.9,0.6,201,1.61,37,121,148,12,0.83,0.213,0.625,9.9,0.2,0.06,0.063,0.101,0.11,0.071,19,0,19,19,28.1,0,0,0,0,0,0,0,0,0,0.01,0,0,2.4,0.863,1.226,1.794,0,0,81,.25 block
11530,"TOMATOES,RED,RIPE,CKD",94.34,18,0.95,0.11,0.6,4.01,0.7,2.49,11,0.68,9,28,218,11,0.14,0.075,0.105,0.5,22.8,0.036,0.022,0.532,0.129,0.079,13,0,13,13,6.9,0,489,24,0,0,293,0,3041,94,0.56,0,0,2.8,0.015,0.016,0.044,0,0,246,2 medium
09326,"WATERMELON,RAW",91.45,30,0.61,0.15,0.25,7.55,0.4,6.2,7,0.24,10,11,112,1,0.1,0.042,0.038,0.4,8.1,0.033,0.021,0.178,0.221,0.045,3,0,3,3,4.1,0,569,28,0,0,303,78,4532,8,0.05,0,0,0.1,0.016,0.037,0.05,0,48,152,"1 cup, diced"
12023,"SESAME SEEDS,WHOLE,DRIED",4.69,573,17.73,49.67,4.45,23.45,11.8,0.3,975,14.55,351,629,468,11,7.75,4.082,2.46,34.4,0,0.791,0.247,4.515,0.05,0.79,97,0,97,97,25.6,0,9,0,0,0,5,0,0,0,0.25,0,0,0,6.957,18.759,21.773,0,0,9,1 tbsp